<root>
  <skinnedMeshes eyesPtn="0" eyesOpen="1" mouthPtn="0" mouthOpen="0" eyebrowsPtn="0" eyebrowsOpen="1">
    <skinnedMesh name="BodyTop/p_cf_anim/cf_J_Root/cf_N_height/cf_J_Hips/cf_J_Spine01/cf_J_Spine02/cf_J_Spine03/cf_J_Neck/cf_J_Head/cf_J_Head_s/p_cf_head_bone/ct_head/n_head_cf2_c1/o_head">
      <blendShape index="13" weight="100" />
      <blendShape index="24" weight="0" />
      <blendShape index="22" weight="56.0975647" />
      <blendShape index="17" weight="62.80488" />
      <blendShape index="26" weight="100" />
      <blendShape index="57" weight="17.9878044" />
      <blendShape index="54" weight="0" />
      <blendShape index="53" weight="0" />
      <blendShape index="46" weight="0" />
      <blendShape index="45" weight="31.402441" />
      <blendShape index="42" weight="0" />
      <blendShape index="41" weight="57.9268265" />
      <blendShape index="40" weight="100" />
      <blendShape index="38" weight="0" />
    </skinnedMesh>
    <skinnedMesh name="BodyTop/p_cf_anim/cf_J_Root/cf_N_height/cf_J_Hips/cf_J_Spine01/cf_J_Spine02/cf_J_Spine03/cf_J_Neck/cf_J_Head/cf_J_Head_s/p_cf_head_bone/ct_head/n_head_cf2_c1/o_namida">
      <blendShape index="13" weight="100" />
    </skinnedMesh>
    <skinnedMesh name="BodyTop/p_cf_anim/cf_J_Root/cf_N_height/cf_J_Hips/cf_J_Spine01/cf_J_Spine02/cf_J_Spine03/cf_J_Neck/cf_J_Head/cf_J_Head_s/p_cf_head_bone/ct_head/n_head_cf2_c1/o_tang">
      <blendShape index="7" weight="0" />
      <blendShape index="5" weight="3.35365939" />
      <blendShape index="9" weight="100" />
      <blendShape index="6" weight="0" />
      <blendShape index="8" weight="0" />
      <blendShape index="4" weight="14.3292685" />
    </skinnedMesh>
    <skinnedMesh name="BodyTop/p_cf_anim/cf_J_Root/cf_N_height/cf_J_Hips/cf_J_Spine01/cf_J_Spine02/cf_J_Spine03/cf_J_Neck/cf_J_Head/cf_J_Head_s/p_cf_head_bone/ct_head/n_head_cf2_c1/o_eyelashes">
      <blendShape index="13" weight="100" />
    </skinnedMesh>
    <skinnedMesh name="BodyTop/p_cf_anim/cf_J_Root/cf_N_height/cf_J_Hips/cf_J_Spine01/cf_J_Spine02/cf_J_Spine03/cf_J_Neck/cf_J_Head/cf_J_Head_s/p_cf_head_bone/ct_head/n_head_cf2_c1/o_tooth">
      <blendShape index="4" weight="100" />
      <blendShape index="5" weight="35.0609741" />
    </skinnedMesh>
  </skinnedMeshes>
</root>