<root>
  <skinnedMeshes eyesPtn="0" eyesOpen="1" mouthPtn="0" mouthOpen="0" eyebrowsPtn="0" eyebrowsOpen="1">
    <skinnedMesh name="BodyTop/p_cf_anim/cf_J_Root/cf_N_height/cf_J_Hips/cf_J_Spine01/cf_J_Spine02/cf_J_Spine03/cf_J_Neck/cf_J_Head/cf_J_Head_s/p_cf_head_bone/ct_head/n_head_cf2_c1/o_head">
      <blendShape index="9" weight="100" />
      <blendShape index="17" weight="100" />
      <blendShape index="16" weight="100" />
      <blendShape index="22" weight="25" />
      <blendShape index="26" weight="100" />
      <blendShape index="27" weight="0" />
      <blendShape index="28" weight="0" />
      <blendShape index="13" weight="47.8658524" />
      <blendShape index="14" weight="0" />
      <blendShape index="20" weight="0" />
      <blendShape index="19" weight="0" />
      <blendShape index="23" weight="14.02439" />
    </skinnedMesh>
    <skinnedMesh name="BodyTop/p_cf_anim/cf_J_Root/cf_N_height/cf_J_Hips/cf_J_Spine01/cf_J_Spine02/cf_J_Spine03/cf_J_Neck/cf_J_Head/cf_J_Head_s/p_cf_head_bone/ct_head/n_head_cf2_c1/o_namida">
      <blendShape index="9" weight="100" />
      <blendShape index="13" weight="47.8658524" />
      <blendShape index="14" weight="0" />
    </skinnedMesh>
    <skinnedMesh name="BodyTop/p_cf_anim/cf_J_Root/cf_N_height/cf_J_Hips/cf_J_Spine01/cf_J_Spine02/cf_J_Spine03/cf_J_Neck/cf_J_Head/cf_J_Head_s/p_cf_head_bone/ct_head/n_head_cf2_c1/o_eyelashes">
      <blendShape index="9" weight="100" />
      <blendShape index="13" weight="47.8658524" />
      <blendShape index="14" weight="0" />
    </skinnedMesh>
  </skinnedMeshes>
</root>