<root>
  <skinnedMeshes eyesPtn="0" eyesOpen="1" mouthPtn="0" mouthOpen="0" eyebrowsPtn="0" eyebrowsOpen="1">
    <skinnedMesh name="BodyTop/p_cf_anim/cf_J_Root/cf_N_height/cf_J_Hips/cf_J_Spine01/cf_J_Spine02/cf_J_Spine03/cf_J_Neck/cf_J_Head/cf_J_Head_s/p_cf_head_bone/ct_head/n_head_cf2_c1/o_tooth">
      <blendShape index="5" weight="87.19512" />
    </skinnedMesh>
    <skinnedMesh name="BodyTop/p_cf_anim/cf_J_Root/cf_N_height/cf_J_Hips/cf_J_Spine01/cf_J_Spine02/cf_J_Spine03/cf_J_Neck/cf_J_Head/cf_J_Head_s/p_cf_head_bone/ct_head/n_head_cf2_c1/o_namida">
      <blendShape index="13" weight="0" />
      <blendShape index="1" weight="15.54878" />
    </skinnedMesh>
    <skinnedMesh name="BodyTop/p_cf_anim/cf_J_Root/cf_N_height/cf_J_Hips/cf_J_Spine01/cf_J_Spine02/cf_J_Spine03/cf_J_Neck/cf_J_Head/cf_J_Head_s/p_cf_head_bone/ct_head/n_head_cf2_c1/o_tang">
      <blendShape index="0" weight="64.32927" />
      <blendShape index="1" weight="0" />
    </skinnedMesh>
    <skinnedMesh name="BodyTop/p_cf_anim/cf_J_Root/cf_N_height/cf_J_Hips/cf_J_Spine01/cf_J_Spine02/cf_J_Spine03/cf_J_Neck/cf_J_Head/cf_J_Head_s/p_cf_head_bone/ct_head/n_head_cf2_c1/o_head">
      <blendShape index="13" weight="0" />
      <blendShape index="1" weight="15.54878" />
      <blendShape index="20" weight="100" />
      <blendShape index="22" weight="100" />
      <blendShape index="21" weight="100" />
      <blendShape index="56" weight="0" />
      <blendShape index="30" weight="100" />
      <blendShape index="31" weight="0" />
      <blendShape index="57" weight="0" />
      <blendShape index="48" weight="0" />
      <blendShape index="32" weight="100" />
      <blendShape index="33" weight="100" />
    </skinnedMesh>
    <skinnedMesh name="BodyTop/p_cf_anim/cf_J_Root/cf_N_height/cf_J_Hips/cf_J_Spine01/cf_J_Spine02/cf_J_Spine03/cf_J_Neck/cf_J_Head/cf_J_Head_s/p_cf_head_bone/ct_head/n_head_cf2_c1/o_eyelashes">
      <blendShape index="13" weight="0" />
      <blendShape index="1" weight="15.54878" />
    </skinnedMesh>
  </skinnedMeshes>
</root>