<root>
  <skinnedMeshes eyesPtn="0" eyesOpen="1" mouthPtn="0" mouthOpen="0" eyebrowsPtn="0" eyebrowsOpen="1">
    <skinnedMesh name="BodyTop/p_cf_anim/cf_J_Root/cf_N_height/cf_J_Hips/cf_J_Spine01/cf_J_Spine02/cf_J_Spine03/cf_J_Neck/cf_J_Head/cf_J_Head_s/p_cf_head_bone/ct_head/n_head_cf2_c1/o_head">
      <blendShape index="13" weight="100" />
      <blendShape index="24" weight="0" />
      <blendShape index="22" weight="56.0975647" />
      <blendShape index="17" weight="100" />
      <blendShape index="26" weight="100" />
      <blendShape index="57" weight="17.9878044" />
      <blendShape index="54" weight="0" />
      <blendShape index="53" weight="0" />
      <blendShape index="46" weight="12.1951218" />
      <blendShape index="45" weight="2.43902683" />
      <blendShape index="42" weight="65.54878" />
      <blendShape index="41" weight="0" />
      <blendShape index="27" weight="100" />
      <blendShape index="43" weight="0" />
      <blendShape index="40" weight="100" />
      <blendShape index="38" weight="100" />
      <blendShape index="52" weight="10.6707315" />
    </skinnedMesh>
    <skinnedMesh name="BodyTop/p_cf_anim/cf_J_Root/cf_N_height/cf_J_Hips/cf_J_Spine01/cf_J_Spine02/cf_J_Spine03/cf_J_Neck/cf_J_Head/cf_J_Head_s/p_cf_head_bone/ct_head/n_head_cf2_c1/o_eyelashes">
      <blendShape index="13" weight="100" />
    </skinnedMesh>
    <skinnedMesh name="BodyTop/p_cf_anim/cf_J_Root/cf_N_height/cf_J_Hips/cf_J_Spine01/cf_J_Spine02/cf_J_Spine03/cf_J_Neck/cf_J_Head/cf_J_Head_s/p_cf_head_bone/ct_head/n_head_cf2_c1/o_namida">
      <blendShape index="13" weight="100" />
    </skinnedMesh>
    <skinnedMesh name="BodyTop/p_cf_anim/cf_J_Root/cf_N_height/cf_J_Hips/cf_J_Spine01/cf_J_Spine02/cf_J_Spine03/cf_J_Neck/cf_J_Head/cf_J_Head_s/p_cf_head_bone/ct_head/n_head_cf2_c1/o_tooth">
      <blendShape index="4" weight="100" />
    </skinnedMesh>
    <skinnedMesh name="BodyTop/p_cf_anim/cf_J_Root/cf_N_height/cf_J_Hips/cf_J_Spine01/cf_J_Spine02/cf_J_Spine03/cf_J_Neck/cf_J_Head/cf_J_Head_s/p_cf_head_bone/ct_head/n_head_cf2_c1/o_tang">
      <blendShape index="5" weight="1.82926881" />
      <blendShape index="6" weight="0" />
      <blendShape index="7" weight="100" />
      <blendShape index="9" weight="46.341465" />
      <blendShape index="8" weight="7.621951" />
      <blendShape index="0" weight="0" />
    </skinnedMesh>
  </skinnedMeshes>
</root>