<root>
  <skinnedMeshes eyesPtn="0" eyesOpen="1" mouthPtn="0" mouthOpen="0" eyebrowsPtn="0" eyebrowsOpen="1">
    <skinnedMesh name="BodyTop/p_cf_anim/cf_J_Root/cf_N_height/cf_J_Hips/cf_J_Spine01/cf_J_Spine02/cf_J_Spine03/cf_J_Neck/cf_J_Head/cf_J_Head_s/p_cf_head_bone/ct_head/n_head_cf2_c1/o_tooth">
      <blendShape index="1" weight="0" />
      <blendShape index="0" weight="0" />
      <blendShape index="2" weight="0" />
      <blendShape index="4" weight="40.2439041" />
      <blendShape index="5" weight="41.15854" />
      <blendShape index="3" weight="0" />
    </skinnedMesh>
    <skinnedMesh name="BodyTop/p_cf_anim/cf_J_Root/cf_N_height/cf_J_Hips/cf_J_Spine01/cf_J_Spine02/cf_J_Spine03/cf_J_Neck/cf_J_Head/cf_J_Head_s/p_cf_head_bone/ct_head/n_head_cf2_c1/o_tang">
      <blendShape index="0" weight="60.97561" />
      <blendShape index="5" weight="17.6829262" />
    </skinnedMesh>
    <skinnedMesh name="BodyTop/p_cf_anim/cf_J_Root/cf_N_height/cf_J_Hips/cf_J_Spine01/cf_J_Spine02/cf_J_Spine03/cf_J_Neck/cf_J_Head/cf_J_Head_s/p_cf_head_bone/ct_head/n_head_cf2_c1/o_head">
      <blendShape index="9" weight="100" />
      <blendShape index="17" weight="100" />
      <blendShape index="16" weight="100" />
      <blendShape index="22" weight="21.6463413" />
      <blendShape index="26" weight="100" />
      <blendShape index="27" weight="0" />
      <blendShape index="28" weight="100" />
      <blendShape index="13" weight="47.8658524" />
      <blendShape index="14" weight="0" />
      <blendShape index="20" weight="0" />
      <blendShape index="19" weight="0" />
      <blendShape index="23" weight="20.4268284" />
      <blendShape index="52" weight="0" />
      <blendShape index="56" weight="48.47561" />
      <blendShape index="42" weight="0" />
      <blendShape index="34" weight="0" />
      <blendShape index="35" weight="0" />
      <blendShape index="37" weight="0" />
      <blendShape index="43" weight="0" />
      <blendShape index="29" weight="33.5365868" />
    </skinnedMesh>
    <skinnedMesh name="BodyTop/p_cf_anim/cf_J_Root/cf_N_height/cf_J_Hips/cf_J_Spine01/cf_J_Spine02/cf_J_Spine03/cf_J_Neck/cf_J_Head/cf_J_Head_s/p_cf_head_bone/ct_head/n_head_cf2_c1/o_namida">
      <blendShape index="9" weight="100" />
      <blendShape index="13" weight="47.8658524" />
      <blendShape index="14" weight="0" />
    </skinnedMesh>
    <skinnedMesh name="BodyTop/p_cf_anim/cf_J_Root/cf_N_height/cf_J_Hips/cf_J_Spine01/cf_J_Spine02/cf_J_Spine03/cf_J_Neck/cf_J_Head/cf_J_Head_s/p_cf_head_bone/ct_head/n_head_cf2_c1/o_eyelashes">
      <blendShape index="9" weight="100" />
      <blendShape index="13" weight="47.8658524" />
      <blendShape index="14" weight="0" />
    </skinnedMesh>
  </skinnedMeshes>
</root>